iter	MultiClass
0	5.610673387
1	5.601358732
2	5.592714167
3	5.584126598
4	5.575735247
